epsilon,extra_radius,r_max,nodes,dr,padding,k_max,Sx_3,Sk_3,U_3
0.006,0.0,56.253,1737,0.003,32,20.0,17889.754782260363,0.0018848097948245825,33.71878504061425
0.006,0.0,56.253,1737,0.0015,16,20.0,17889.754782260323,0.0018848238716854095,33.71903687220247
0.006,0.0,56.253,1737,0.0015,32,10.0,17889.754782260323,0.001884809795742771,33.71878505704034
0.006,0.0,56.253,1737,0.0015,32,20.0,17889.754782260323,0.001884809795742771,33.71878505704034
0.006,0.0,56.253,1737,0.0015,32,30.0,17889.754782260323,0.0018848097957427708,33.718785057040336
0.006,0.0,56.253,1737,0.0015,64,20.0,17889.754782260323,0.00188480500908311,33.718699424872774
0.006,0.0,56.253,1737,0.00075,32,20.0,17889.754782260323,0.0018848097962018634,33.71878506525339
0.006,6.0,62.253,1737,0.0015,64,20.0,17889.754782260185,0.0018848033940101778,33.7186705316138
0.003,0.0,95.523,1733,0.003,32,20.0,71151.84221804791,0.00027186309050139626,19.343559720266228
0.003,0.0,95.523,1733,0.0015,16,20.0,71151.8422180478,0.00027186572541623786,19.343747199311263
0.003,0.0,95.523,1733,0.0015,32,10.0,71151.8422180478,0.0002718630905732585,19.343559725379325
0.003,0.0,95.523,1733,0.0015,32,20.0,71151.8422180478,0.0002718630905732585,19.343559725379325
0.003,0.0,95.523,1733,0.0015,32,30.0,71151.8422180478,0.00027186309057325854,19.34355972537933
0.003,0.0,95.523,1733,0.0015,64,20.0,71151.8422180478,0.00027186522183927784,19.343711368882857
0.003,0.0,95.523,1733,0.00075,32,20.0,71151.84221804781,0.0002718630906092033,19.343559727936867
0.003,6.0,101.523,1733,0.0015,64,20.0,71151.84221804715,0.00027186501081008247,19.34369635376667
