epsilon,dr,padding,k_max,Sx_3,Sk_3,U_3
0.006,0.003,16,20.0,17889.75478491234,0.001884825660957277,33.71906888683601
0.006,0.0015,16,20.0,17889.75478491228,0.0018848238712826293,33.7190368699953
0.006,0.0015,32,10.0,17889.75478491228,0.0018848097953397373,33.7187850548286
0.006,0.0015,32,20.0,17889.75478491228,0.0018848097953397373,33.7187850548286
0.006,0.0015,32,30.0,17889.75478491228,0.0018848097953397377,33.71878505482861
0.006,0.0015,64,20.0,17889.75478491228,0.0018848050086799717,33.71869942265915
0.006,0.00075,32,20.0,17889.754784913268,0.0018848097957988134,33.71878506304322
0.003,0.003,16,20.0,71151.8422067119,0.00027186572689018887,19.34374730110375
0.003,0.0015,16,20.0,71151.84220671181,0.0002718657254771209,19.34374720056134
0.003,0.0015,32,10.0,71151.84220671181,0.00027186309063401793,19.343559726620636
0.003,0.0015,32,20.0,71151.84220671181,0.00027186309063401793,19.343559726620636
0.003,0.0015,32,30.0,71151.84220671181,0.00027186309063401793,19.343559726620636
0.003,0.0015,64,20.0,71151.84220671181,0.0002718652219000471,19.343711370124844
0.003,0.00075,32,20.0,71151.84220671562,0.00027186309066996135,19.343559729179113
