epsilon,phi_tv,phi_c,r_max,nodes,delta_k,R_tw,R,ell,Lambda_3,Sx_3,Sk_3,U_3,transform_zero,T,V,Delta_D,ratio_radius,ratio_width,ratio_sx,ratio_sk,ratio_u_radius,ratio_u_lambda,ratio_u_epsilon
0.05,2.2682712311931024,2.2656205445329687,25.0,1727,0.003924947391251671,3.8407752964435797,4.944669417823661,1.2048039140529525,4.104127949908318,279.06106254065065,0.3164313415494247,88.30366639394599,114.45847432495894,258.0612018015951,-86.02040058896229,6.724798887338373e-11,1.2874143984424833,0.9129737258960193,0.9958284751433915,0.23950754334207167,0.238508431671675,0.2612434782146615,0.2273841655248471
0.04,2.2184831053261735,2.217950834747754,25.0,1729,0.003924947391251671,4.988253948971238,6.1548605628138455,1.2200873972079798,5.044606293695426,428.85888906665843,0.20023653298969657,85.87321708852058,196.38421573652764,361.8779121273709,-120.62597069014186,7.868031897904665e-11,1.2338707342843291,0.9245552109808205,0.9877289873517161,0.2922980321196159,0.2887112392704077,0.3122704148345305,0.2764071216688743
0.03,2.167113333726259,2.167076195533253,25.0,2777,0.003924947391251671,6.918713017311951,8.155365101897912,1.2369836717223324,6.592944828885793,748.8865844787831,0.10742904348354337,80.45216944821347,406.3323312349899,571.3617486775097,-190.45391621824308,1.993522922124392e-11,1.1787401907683726,0.937358833642734,0.982401584008817,0.3648210199090543,0.35840074783836706,0.38235170457140893,0.3452772718223134
0.025,2.1407464256006827,2.1407420159862234,26.472050101879162,1756,0.0037006650794736565,8.47205010187916,9.746492114505397,1.2468409369257856,7.816949079757017,1068.3940037028963,0.07108933275030543,75.95141683766624,654.2814595645009,771.8123738650839,-257.2707912389977,9.593708734699783e-11,1.15042899856595,0.9448284509264858,0.9812837129053529,0.4120760406843935,0.4043635072021189,0.4279755830866498,0.391153623475063
0.02,2.1138664230798,2.11386624422249,28.810207626633535,4588,0.003407420890664542,10.810207626633535,12.124422553378626,1.2579776529834064,9.638026974982008,1653.667542421359,0.042113269607674045,69.64134705545045,1188.5407755879735,1127.3025693977727,-375.76752314234693,1.29815288362799e-11,1.1215716637585396,0.9532676077343091,0.98149003599326,0.46992664545624846,0.46122832016304527,0.483839287542011,0.44832055771003426
0.018,2.1029591999438852,2.1029591699499077,30.111862424799344,1861,0.003257330491965049,12.111862424799344,13.442584872960397,1.262835153900573,10.644766129165559,2033.8185438987307,0.03267274478382654,66.45043422141694,1582.9010178313479,1353.22745940809,-451.07581975899393,4.84427831510954e-11,1.1098693496911232,0.9569485143608244,0.9819886059044829,0.4968918812262036,0.4879421657305755,0.5098938536484245,0.47530983930660653
0.017,2.09747049749091,2.097470487015776,30.87817258077076,1751,0.0031788841434769208,12.87817258077076,14.217284595495894,1.2653563286350078,11.235795225233248,2275.7910146105687,0.028421516392516978,64.68143162769712,1851.206727156211,1495.61184411668,-498.53728126217334,1.1037622934240034e-10,1.1039830772826145,0.9588590047436026,0.9823333410431435,0.5113580950085809,0.5023241059392364,0.5238769239837895,0.4898715173721956
0.016,2.0919577449071367,2.0919577417040287,31.740727012638725,1750,0.0030919194221138233,13.740727012638725,15.088321932859994,1.2679412544890578,11.899858829768998,2564.2621269148776,0.024484535716188457,62.7847676321167,2187.439864814452,1664.195020676017,-554.7316734500866,9.787228177100821e-11,1.0980730436593167,0.960817804313068,0.9827438950091396,0.5265536379209297,0.5174673730616466,0.5385697171084454,0.5052261198026772
0.015,2.086420428784061,2.086420427949161,32.718781702688474,1751,0.0029982250282991007,14.71878170268847,16.0749550714775,1.2705916131741741,12.651551375598391,2911.99950333583,0.02086170216312688,60.749266337765484,2615.0513819911152,1866.009280434078,-622.0030933607485,9.427406715897221e-11,1.092138968848306,0.9628261874329166,0.9832219857926509,0.5425340036194015,0.5334313603987052,0.554026642982092,0.521436304084067
0.014,2.0808580177152063,2.0808580175359905,33.83709453123577,1790,0.002891145710817382,15.837094531235769,17.201944178843206,1.2733091642041785,13.509636671463419,3336.480285019939,0.0175524655852987,58.56345537884008,3168.0420747121266,2110.6448665294424,-703.5482888095764,2.3858431171365904e-11,1.0861805582403719,0.9648854874237586,0.9837694121647932,0.559369330876781,0.5502904378196646,0.5703168355127182,0.5385799033595688
0.013,2.0752699614048957,2.0752699613746133,35.12804139883022,1866,0.0027925230798268204,17.128041398830216,18.501667524867596,1.2760957537955981,14.49865142943744,3862.142240358959,0.014555342033834611,56.214801291744934,3896.984737048449,2411.4610827782835,-803.8203608489167,4.800683932376643e-11,1.0801975015153333,0.9669971033075941,0.9843880658228094,0.5771423606111907,0.5681320520664603,0.5875219792522399,0.5567481903797331
0.012,2.069655689719593,2.0696556897158005,36.63479040997015,2116,0.0026761020897426435,18.634790409970147,20.01729567239492,1.2789533224060925,15.651310584765062,4523.998621864626,0.011867361170607755,53.68792558099926,4879.338643171749,2787.526070206371,-929.1753567185945,9.073898912697302e-12,1.0741894720578715,0.9691625055202664,0.9850799415035063,0.5959341743375179,0.5870428015963426,0.6057217424865254,0.5760323370253893
0.011,2.0640146116771674,2.0640146116768427,38.416207430249955,1745,0.002554461234024756,20.416207430249955,21.80769703311397,1.2818839117574399,17.012224611834007,5373.649963631304,0.009484723058661803,50.967581719230985,6237.84173169706,3266.834409027862,-1088.9448027884382,1.0140509943536369e-10,1.0681561258435441,0.9713832412333255,0.9858471459474396,0.6158599871171326,0.6071438106026522,0.6250301475571954,0.5965582132304169
0.01,2.058346114369101,2.058346114369084,40.554704978361855,1785,0.0024183220915962363,22.554704978361855,23.95528676783851,1.2848896714144509,18.643847250688616,6489.698097310302,0.007401684329374314,48.03469670923196,8174.880800012465,3891.8662523471876,-1297.2887501907446,2.280337214067529e-10,1.0620971008408364,0.9736609393393832,0.9866919060991659,0.6370339827320384,0.628556274671818,0.6455597110615177,0.6184527706211218
0.009,2.052649561810078,2.0526495618100777,43.169323713445905,2191,0.0022725616643137275,25.16932371344591,26.57910828252189,1.2879728663197056,20.636388372427344,7996.6734922193,0.00561094385867639,44.86888602100816,11040.373700325848,4729.664334525605,-1576.5547781194794,1.767217854742213e-11,1.0560120162594138,0.9759973161617699,0.9876165777556974,0.659606704898299,0.6514385165563703,0.6674593318742236,0.6418806213801466
0.0088,2.0515068270048222,2.051506827004822,43.76366690835925,1742,0.0022386754996715254,25.763666908359248,27.175305551285742,1.288599005429898,21.089031915106602,8361.092912576325,0.005287090827335287,44.20585764458036,11773.471083125396,4931.405439283921,-1643.801812731657,1.1040968374952808e-10,1.0547918372003355,0.9764717905137318,0.9878113183946035,0.6643057288762506,0.6562087178583371,0.6720201486958461,0.6467681652045755
0.0086,2.050362938257141,2.0503629382571416,44.3856923398553,1742,0.0022077847177100667,26.3856923398553,27.79918961781641,1.2892283567156113,21.56265759514983,8751.157843112354,0.004974448580502457,43.532184710423195,12574.676803856995,5147.024440818329,-1715.6748132296948,1.0969872945421018e-10,1.0535705965094588,0.9769486989811705,0.9880093753689823,0.6690664801545996,0.6610439551378694,0.6766414201966302,0.6517236761585558
0.0084,2.0492178901229434,2.049217890122944,45.037377434736555,1741,0.002176490133748038,27.03737743473656,28.45273793152187,1.2898609401366024,22.058763891639817,9169.336054581687,0.004672945245302754,42.84780531884061,13452.171094450256,5377.841310514183,-1792.6137697746924,1.1064901147132726e-10,1.0523482908134023,0.9774280566891477,0.9882107695814024,0.6738927784210601,0.6659481011788254,0.6813269750354808,0.6567510602675514
0.0082,2.048071677116288,2.0480716771162877,45.72089254017583,1741,0.002146457427292167,27.720892540175832,29.13812086324006,1.2904967758337875,22.57899547591971,9618.399633840583,0.004382523661724294,42.152863983226645,14415.348383826715,5625.337647731079,-1875.1125488190496,1.1323151850456655e-10,1.0511249167396124,0.9779098789000036,0.988415522150646,0.6787921475962863,0.6709286949981417,0.6860843820831753,0.661857845601626
0.008,2.0469242937089325,2.0469242937089325,46.43862503877075,1739,0.002112919063825756,28.438625038770752,29.857725819584367,1.291135884141518,23.125161484793605,10101.471166386495,0.004103029570223759,41.446634898446476,15475.033522263444,5891.1810915509495,-1963.7270301041826,1.0510639701300706e-10,1.0499004708870043,0.9783941810226593,0.9886236544349973,0.6837585070967196,0.675979834036977,0.6909074554495145,0.667038306211993
0.0078,2.0457757343298795,2.0457757343298795,47.1932071736033,1740,0.0020777708577602557,29.1932071736033,30.614185067575786,1.2917782856830904,23.699256603765445,10622.078308939861,0.003834350178754653,40.728767862629475,16643.7432434841,6177.254152965884,-2059.0847172842637,9.009612108828081e-11,1.048674949810151,0.9788809786849924,0.9888351880436898,0.6887915358793621,0.6811013079041709,0.6957958349738779,0.6722923287952953
0.0076,2.044625993364915,2.044625993364915,47.98754826673111,1741,0.0020453057198119877,29.987548266731114,31.410407953152813,1.2924240012436776,24.30348548380958,11184.21854068493,0.0035764583941078005,39.99989228136871,17936.0038104207,6485.68840655376,-2161.8961351230846,9.131689780354311e-11,1.0474483500206735,0.9793702876375465,0.9890501448410873,0.6939078921925231,0.6863097012793886,0.70076630866035,0.6776363836076743
0.0074,2.0434750651561364,2.0434750651561364,48.82487216229545,1740,0.0020070772084400126,30.82487216229545,32.2496183450391,1.2930730518608833,24.940291113969263,11792.436322548017,0.0033291499087282636,39.258788306894594,19368.73881869433,6818.905213030434,-2272.9684038970736,9.81985836622037e-11,1.0462206680125792,0.9798621238221518,0.9892685469476022,0.6990930885147258,0.6915908038560743,0.7058042014711045,0.6830565466492086
0.0072,2.04232294400148,2.04232294400148,49.70876091015652,1740,0.001970485088568728,31.70876091015652,33.13539831771871,1.293725458765394,25.61238792451369,12451.91545678079,0.0030923618724194362,38.505828597139164,20961.74510102051,7179.664438372932,-2393.2214789428626,1.0754986148066766e-10,1.0449919002386885,0.9803565033269525,0.9894904167408032,0.7043602121285789,0.6969576798347482,0.7109226872770693,0.6885658241859599
0.007,2.041169624154237,2.041169624154238,50.64320593814141,1739,0.0019384452440630768,32.64320593814141,34.07173932374988,1.294381243492417,26.322800562081454,13168.590170276666,0.002865930449480239,37.740263545722065,22738.279937449268,7571.123018701541,-2523.7076723286086,1.133064709902697e-10,1.0437620431129075,0.9808534424708516,0.9897157768601037,0.7097027347656727,0.7024039934783477,0.716115133071189,0.6941580670652782
0.0068,2.0400150998225697,2.0400150998225697,51.63266825469378,1739,0.001900110684966097,33.63266825469378,35.06310239662027,1.2950404277341292,27.074909513032363,13949.279388540237,0.002649779005623036,36.96250766732406,24725.789770704632,7996.905715057601,-2665.635237726772,1.1737567273278273e-10,1.0425310930162925,0.9813529576917007,0.9899446502126639,0.7151359221387642,0.7079449802961697,0.7213968987889635,0.6998484441831657
0.0066,2.0388593651690075,2.0388593651690075,52.68214959745973,1740,0.0018616828806313909,34.68214959745973,36.11448929939311,1.2957030335121047,27.872505014904498,14801.849903321698,0.002443718304012979,36.171551541999975,26956.82002007227,8461.191047291946,-2820.39701520177,9.966895247407135e-11,1.041299046297819,0.9818550656769608,0.9901770599773649,0.7206485118571724,0.7135696247477982,0.726756575071304,0.7056261853053384
0.0064,2.0377024143099516,2.0377024143099507,53.79727692223671,1740,0.0018241063237632517,35.79727692223671,37.231527012869215,1.2963690829689725,28.719851084076126,15735.415764553094,0.0022476252488451325,35.36731777348527,29470.15829969837,8968.816251555047,-2989.605416680411,8.43931836154769e-11,1.0400658992511682,0.9823597832058257,0.9904130296091961,0.7262470264176035,0.7192845176789286,0.7322006967056621,0.7114979237968
0.0062,2.0365442413151613,2.036544241315162,54.98440324461395,1747,0.0017840688196898787,36.98440324461395,38.42056857936765,1.2970385985944475,29.62176192829002,16760.58339196023,0.0020613841728627964,34.55000133213386,32312.280711964333,9525.406235771468,-3175.1354118421295,1.286452841140434e-11,1.0388316481749058,0.9828671273205035,0.9906525828355921,0.7319446133722628,0.7251028217298311,0.7377424695305554,0.7174768049962966
0.006,2.0353848402072385,2.0353848402072376,56.250728649948336,1766,0.0017446008811264591,38.250728649948336,39.68881410916053,1.2977116031178397,30.58369364487878,17889.75478491228,0.0018848097953397373,33.7187850548286,35539.19476778137,10137.53301647816,-3379.1776726105595,6.675772541730021e-11,1.0375962892726265,0.9833771152447619,0.9908957436688329,0.7377340293226718,0.7310175096154935,0.7433745389057013,0.7235560080445252
0.0058,2.0342242049611037,2.0342242049611037,57.60444633988753,1800,0.0017037118312367928,39.60444633988753,41.04445682707416,1.298388119457897,31.61185489298149,19137.50512999076,0.0017177370808745412,32.87320219721189,39218.8057841345,10812.914172237777,-3604.3047242248595,2.0198125799599327e-11,1.0363598186635,0.9838897643459205,0.9911425364107864,0.7436150106014378,0.7370284677206429,0.7490965903183388,0.7297355500423972
0.0056,2.033062329503463,2.033062329503463,59.05491997456905,1838,0.0016622170160128407,41.05491997456905,42.4968604219091,1.2990681708627463,32.713341281917316,20521.056428631015,0.0015600336650019788,32.01353887006966,43433.98035199025,11560.661629284015,-3853.5538762339656,2.5176692501364377e-11,1.0351222325663583,0.9844050922408951,0.9913929856544614,0.7496049206179963,0.7431530603127507,0.7549260626243213,0.7360327596495303
0.0054,2.031899207712269,2.031899207712269,60.61290042420487,1899,0.0016190425814398687,42.61290042420487,44.05677579028382,1.2997517808146242,33.89629961704771,22060.876075938395,0.0014115026532661842,31.138985114563532,48286.54682695377,12391.595914873411,-4130.531971072557,6.680893865654898e-11,1.033883527094035,0.9849231167240046,0.9916471162851132,0.7556970914268478,0.7493848414984812,0.7608561813342776,0.7424413993371998
0.0052,2.030734833416173,2.030734833416173,62.290792540257385,1737,0.0015740692102002053,44.290792540257385,45.73660781046175,1.300438973081981,35.1701300539064,23781.439570488892,0.0012719701542673527,30.249281359174482,53902.56844735873,13318.646366580635,-4439.5487877958185,1.1987627802959038e-10,1.0326436983237592,0.9854438558064542,0.9919049535040367,0.7618977520348965,0.7557301543070042,0.7668931617504887,0.748967899468538
0.005,2.02956920039397,2.02956920039397,64.10298595171034,1736,0.0015303450974210406,46.10298595171034,47.550746138613796,1.3011297715866093,36.54573677199776,25712.21086195419,0.0011412396884994242,29.34379551472811,60439.3636768847,14357.365271644738,-4785.788422650734,1.2859378050510849e-10,1.0314027422956917,0.9859673276156486,0.9921665227580843,0.7682044056729697,0.762186693943991,0.7730344328824532,0.7556101268413076
0.0048,2.0284023023740394,2.028402302374039,66.06626856037721,1735,0.0014841224619265402,48.06626856037722,49.515978703547376,1.301824200652483,38.035841305400254,27888.914333871224,0.0010191497284475584,28.422979470062074,68094.95368287967,15526.594593008496,-5175.531529873915,1.0906290122705905e-10,1.030160654999652,0.9864935505837568,0.9924318498625674,0.7746437378540808,0.7687811177429792,0.7793067854199895,0.7623946684559063
0.0046,2.0272341330337644,2.0272341330337644,68.20034790459329,1736,0.001439149084892538,50.20034790459328,51.652013070387945,1.302522284839057,39.655377625090075,30355.201952461437,0.0009054621394837269,27.485486104336335,77120.92422618692,16849.3393704271,-5616.446455856755,8.477589456320512e-11,1.0289174323762373,0.9870225433213896,0.9927009609242385,0.781195928846486,0.7754939492360098,0.7856902098977664,0.7693023819297468
0.0044,2.0260646859989615,2.0260646859989615,70.52851471296836,1740,0.0013913648696776187,52.52851471296837,53.98213999169844,1.303224048956622,41.4219949631203,33164.86239322926,0.000799978257516889,26.531168828122947,87840.15670592591,18353.924439386054,-6117.974810791062,1.9104551523274482e-10,1.0276730702680843,0.987554324629236,0.992973882366684,0.7878733194721095,0.7823376288493473,0.7921970562409977,0.7763457739769318
0.0042,2.024893954843286,2.0248939548432854,73.07849604494672,1804,0.0013432058740980096,55.07849604494672,56.53408656282537,1.3039295181409685,43.35670431284265,36384.7833126301,0.0007024926535108332,25.5600429767062,100671.60631453844,20075.544680391962,-6691.848225236725,1.1660425063189307e-10,1.0264275647013097,0.9880889135546412,0.9932506409228085,0.7946956657483264,0.7893319793431033,0.7988471164032074,0.7835446973548841
0.004,2.0237219330876375,2.023721933087637,75.88356437353583,1989,0.0012928356849120435,57.88356437353583,59.34112527969094,1.3046387177910361,45.48471885010821,40098.975106240956,0.0006127625402109618,24.571149845956327,116165.44406760504,22058.369654129106,-7352.789883990053,4.893715272455948e-11,1.0251809114025725,0.9886263293443595,0.9935312636844897,0.8016549146142561,0.7964692203555835,0.8056322158482152,0.790891623172144
0.0038,2.0225486141995543,2.022548614199554,78.983996904669,1811,0.0012411222881605376,60.98399690466899,62.443533376154896,1.3053516736546413,47.836559784176345,44414.114374833785,0.0005305510741490993,23.563956088949016,135053.71093847894,24358.441583659554,-8119.480527663649,1.3724316737878863e-11,1.0239331061518888,0.9891665915095158,0.9938157780582885,0.8087560195694049,0.8037544928476924,0.8125572575405368,0.7983918494222038
0.0037,2.021961466274714,2.0219614662747136,80.65994262727297,1734,0.001214282170750826,62.65994262727297,64.12046882848206,1.3057095682731514,49.10775748797163,46838.42127260769,0.0004921881315821678,23.053315052423237,146066.8617862901,25649.17026614759,-8549.723420155662,1.1073663638102894e-10,1.0233087701643282,0.9894377961259087,0.9939595032649268,0.8123611081513951,0.807454043529906,0.8160735790480713,0.802200905714607
0.0036,2.0213739915926,2.0213739915925997,82.42902133637278,1733,0.0011899965411344628,64.42902133637278,65.89053857480718,1.3060684116705374,50.44953081020415,49467.30020704241,0.00045561865180512173,22.538224628771882,158324.63882812494,27047.727973372934,-9015.909322278898,1.2082789568506823e-10,1.0226841446310984,0.989709719705923,0.994104211784637,0.8160158336074385,0.8112047770721063,0.8196390930798811,0.8060624473018932
0.0035,2.020786189321371,2.0207861893213708,84.29921590223154,1734,0.001163552188245004,66.29921590223154,67.76172548648604,1.3064282071738944,51.867928994789764,52324.44753978306,0.00042080171673103314,22.018217351743594,172008.7701096424,28566.54181682324,-9522.180603123645,1.3043764708442385e-10,1.022059228972047,0.9899823647707581,0.994249907154355,0.819707277565106,0.8149938846128557,0.8232408107608837,0.8099637766754275
0.0034,2.0201980586257338,2.0201980586257346,86.27944835645685,1734,0.0011362814486283348,68.27944835645685,69.74295159884242,1.306788958098977,53.36971296444031,55437.09366012682,0.00038770924139952014,21.493473528361918,187333.85287332197,30219.886605275973,-10073.295532334989,1.368470830603744e-10,1.0214340226468333,0.9902557338330192,0.9943965929152445,0.8234458432754542,0.8188317410033323,0.8268891691582034,0.8139152323917604
0.0033,2.0196095986669254,2.0196095986669245,88.3797221891626,1733,0.0011102008970009533,70.3797221891626,71.84422040657994,1.3071506677829916,54.96246314775035,58836.654931252066,0.00035630262866068006,20.963654813606475,204554.51344063753,32024.225004237163,-10674.741665674748,1.1261660067139931e-10,1.020808525124341,0.9905298294215673,0.9945442726323669,0.8272227218243444,0.8227096201817594,0.8305753100461308,0.8179081706797658
0.0032,2.0190208086026864,2.019020808602686,90.61129132685187,1732,0.0010821728361753674,72.61129132685187,74.07678583753078,1.3075133395764027,56.65470752407739,62559.53039549689,0.00032654927106715536,20.428769048953058,223974.40801138428,33998.623115305076,-11332.87436905129,1.1987561426762203e-10,1.0201827358238562,0.9908046540753104,0.9946929498929119,0.8310421053842639,0.8266317232898897,0.8343034319528518,0.8219467960305024
0.0031,2.018431687587248,2.018431687587248,92.98686181573875,1734,0.0010553761889730443,74.98686181573875,76.45335394298132,1.307876976848334,58.45607445985886,66648.08120110855,0.00029841311876579893,19.888661770979017,245957.61490991444,36165.26123121589,-12055.08707419912,1.1915484048343707e-10,1.0195566542155892,0.9910802103472958,0.994842628302576,0.8349019153051973,0.8305960157970772,0.8380714367266183,0.826029114495128
0.003,2.0178422347713063,2.0178422347713063,95.52083384166139,1743,0.0010260601980859286,77.52083384166139,78.98832490726406,1.3082415829778284,60.37747609846669,71151.84220671181,0.00027186309063401793,19.343559726620636,270943.1576191334,38550.06549918838,-12850.021826918692,2.390696306874935e-10,1.0189302796793964,0.9913565007980872,0.9949933114914692,0.8388163372447691,0.8346166451283179,0.8418935513676598,0.8301692267029176
